{"camera_matrix": [[1493.9313086739041, 0.0, 592.3647895594992], [0.0, 1489.1582164704198, 397.7592646731416], [0.0, 0.0, 1.0]], "fx": 1493.9313086739041, "fy": 1489.1582164704198, "cx": 592.3647895594992, "cy": 397.7592646731416}